epsActual,epsEstimate,epsDifference,surprisePercent
0.97,0.94654,0.02,0.0248
2.4,2.34102,0.06,0.0252
1.65,1.62253,0.03,0.016900001
1.57,1.42572,0.14,0.1012
