period,stockTrend,indexTrend
0q,0.074499995,0.0689
+1q,0.0366,0.060700003
0y,0.096,0.091000006
+1y,0.083500005,0.1419
LTG,,0.122
